{
  "lead_time": {
    "count": 5197.0,
    "mean": 72.96151625938042,
    "std": 81.58029277476923,
    "min": 0.0,
    "25%": 6.0,
    "50%": 39.0,
    "75%": 119.0,
    "max": 338.0
  },
  "arrival_date_year": {
    "count": 5197.0,
    "mean": 2016.1006349817203,
    "std": 0.744283824352839,
    "min": 2015.0,
    "25%": 2016.0,
    "50%": 2016.0,
    "75%": 2017.0,
    "max": 2017.0
  },
  "arrival_date_month": {
    "count": 5197.0,
    "mean": 6.433134500673465,
    "std": 3.1865894369983137,
    "min": 1.0,
    "25%": 4.0,
    "50%": 7.0,
    "75%": 9.0,
    "max": 12.0
  },
  "arrival_date_week_number": {
    "count": 5197.0,
    "mean": 26.62343659803733,
    "std": 14.097715634421027,
    "min": 1.0,
    "25%": 15.0,
    "50%": 29.0,
    "75%": 37.0,
    "max": 53.0
  },
  "arrival_date_day_of_month": {
    "count": 5197.0,
    "mean": 15.625938041177603,
    "std": 8.930520705297866,
    "min": 1.0,
    "25%": 8.0,
    "50%": 16.0,
    "75%": 23.0,
    "max": 31.0
  },
  "stays_in_weekend_nights": {
    "count": 5197.0,
    "mean": 1.133730998653069,
    "std": 0.9899472536644283,
    "min": 0.0,
    "25%": 0.0,
    "50%": 1.0,
    "75%": 2.0,
    "max": 4.0
  },
  "stays_in_week_nights": {
    "count": 5197.0,
    "mean": 2.9593996536463343,
    "std": 1.9647800214043052,
    "min": 0.0,
    "25%": 1.0,
    "50%": 3.0,
    "75%": 5.0,
    "max": 10.0
  },
  "adults": {
    "count": 5197.0,
    "mean": 2.0,
    "std": 0.0,
    "min": 2.0,
    "25%": 2.0,
    "50%": 2.0,
    "75%": 2.0,
    "max": 2.0
  },
  "children": {
    "count": 5197.0,
    "mean": 0.0,
    "std": 0.0,
    "min": 0.0,
    "25%": 0.0,
    "50%": 0.0,
    "75%": 0.0,
    "max": 0.0
  },
  "babies": {
    "count": 5197.0,
    "mean": 0.0,
    "std": 0.0,
    "min": 0.0,
    "25%": 0.0,
    "50%": 0.0,
    "75%": 0.0,
    "max": 0.0
  },
  "is_repeated_guest": {
    "count": 5197.0,
    "mean": 0.0,
    "std": 0.0,
    "min": 0.0,
    "25%": 0.0,
    "50%": 0.0,
    "75%": 0.0,
    "max": 0.0
  },
  "previous_cancellations": {
    "count": 5197.0,
    "mean": 0.0,
    "std": 0.0,
    "min": 0.0,
    "25%": 0.0,
    "50%": 0.0,
    "75%": 0.0,
    "max": 0.0
  },
  "previous_bookings_not_canceled": {
    "count": 5197.0,
    "mean": 0.0,
    "std": 0.0,
    "min": 0.0,
    "25%": 0.0,
    "50%": 0.0,
    "75%": 0.0,
    "max": 0.0
  },
  "booking_changes": {
    "count": 5197.0,
    "mean": 0.0,
    "std": 0.0,
    "min": 0.0,
    "25%": 0.0,
    "50%": 0.0,
    "75%": 0.0,
    "max": 0.0
  },
  "days_in_waiting_list": {
    "count": 5197.0,
    "mean": 0.0,
    "std": 0.0,
    "min": 0.0,
    "25%": 0.0,
    "50%": 0.0,
    "75%": 0.0,
    "max": 0.0
  },
  "adr": {
    "count": 5197.0,
    "mean": 89.0326149701751,
    "std": 49.71990465528305,
    "min": 0.0,
    "25%": 50.0,
    "50%": 74.0,
    "75%": 117.9,
    "max": 233.6
  },
  "required_car_parking_spaces": {
    "count": 5197.0,
    "mean": 0.0,
    "std": 0.0,
    "min": 0.0,
    "25%": 0.0,
    "50%": 0.0,
    "75%": 0.0,
    "max": 0.0
  },
  "total_of_special_requests": {
    "count": 5197.0,
    "mean": 0.6686549932653454,
    "std": 0.7194407922687173,
    "min": 0.0,
    "25%": 0.0,
    "50%": 1.0,
    "75%": 1.0,
    "max": 2.0
  },
  "number_holidays": {
    "count": 5197.0,
    "mean": 0.0,
    "std": 0.0,
    "min": 0.0,
    "25%": 0.0,
    "50%": 0.0,
    "75%": 0.0,
    "max": 0.0
  },
  "temp": {
    "count": 5197.0,
    "mean": 19.87795778569879,
    "std": 4.390767075413719,
    "min": 7.45,
    "25%": 16.64,
    "50%": 19.23333333333333,
    "75%": 23.55,
    "max": 29.15
  },
  "precip": {
    "count": 5197.0,
    "mean": 1.6107120167909614,
    "std": 2.1529118517523393,
    "min": 0.0,
    "25%": 0.0,
    "50%": 0.5419999999999999,
    "75%": 2.5645,
    "max": 8.7495
  },
  "wind_speed": {
    "count": 5197.0,
    "mean": 20.593801821775173,
    "std": 4.884092691741826,
    "min": 8.25,
    "25%": 17.025,
    "50%": 20.625,
    "75%": 23.97,
    "max": 35.23333333333333
  },
  "cloud_cover": {
    "count": 5197.0,
    "mean": 55.05750201015498,
    "std": 17.64412775988735,
    "min": 5.65,
    "25%": 44.175,
    "50%": 55.92,
    "75%": 67.625,
    "max": 98.33333333333331
  },
  "visibility": {
    "count": 5197.0,
    "mean": 10.026586105938616,
    "std": 0.9551472272443132,
    "min": 6.959999999999999,
    "25%": 9.472727272727273,
    "50%": 10.166666666666666,
    "75%": 10.766666666666666,
    "max": 11.7
  },
  "is_canceled": {
    "count": 5197.0,
    "mean": 0.0486819318837791,
    "std": 0.21522294116129387,
    "min": 0.0,
    "25%": 0.0,
    "50%": 0.0,
    "75%": 0.0,
    "max": 1.0
  },
  "all_children": {
    "count": 5197.0,
    "mean": 0.0,
    "std": 0.0,
    "min": 0.0,
    "25%": 0.0,
    "50%": 0.0,
    "75%": 0.0,
    "max": 0.0
  },
  "adr_pp": {
    "count": 5197.0,
    "mean": 44.51630748508755,
    "std": 24.859952327641526,
    "min": 0.0,
    "25%": 25.0,
    "50%": 37.0,
    "75%": 58.95,
    "max": 116.8
  },
  "total_nights": {
    "count": 5197.0,
    "mean": 4.093130652299403,
    "std": 2.6886456422492087,
    "min": 1.0,
    "25%": 2.0,
    "50%": 4.0,
    "75%": 7.0,
    "max": 14.0
  },
  "days_between_last_status": {
    "count": 5197.0,
    "mean": 3.8716567250336733,
    "std": 2.880791520329488,
    "min": -5.0,
    "25%": 1.0,
    "50%": 3.0,
    "75%": 7.0,
    "max": 11.0
  }
}