{
  "lead_time": 12714.939604927064,
  "arrival_date_year": 1085.0480902194977,
  "arrival_date_week_number": 91.05975788831716,
  "arrival_date_day_of_month": 196.00228834152222,
  "stays_in_weekend_nights": 0.0,
  "stays_in_week_nights": 272.56161856651306,
  "adults": 187.10818099975586,
  "children": 220.14180183410645,
  "babies": 0.0,
  "previous_cancellations": 4086.2798256874084,
  "previous_bookings_not_canceled": 1199.5223596096039,
  "booking_changes": 1990.4010915756226,
  "days_in_waiting_list": 61.83635997772217,
  "adr": 1652.202852725983,
  "required_car_parking_spaces": 13987.892533540726,
  "total_of_special_requests": 3890.1236890172013,
  "all_children": 90.09585094451904,
  "adr_pp": 581.2623596191406,
  "total_nights": 215.2618179321289,
  "arrival_date_month": 20.07349967956543,
  "number_holidays": 58.68877029418945,
  "temp": 410.82078433036804,
  "precip": 112.8677909374237,
  "wind_speed": 209.46840912103653,
  "cloud_cover": 177.808180809021,
  "visibility": 164.77938303351402,
  "arrival_date_month_sin": 37.42279040813446,
  "arrival_date_month_cos": 245.8039509654045,
  "ohc_distribution_channel_Direct": 93.67023086547852,
  "ohc_distribution_channel_TA/TO": 33.76915967464447,
  "ohc_distribution_channel_Undefined": 0.0,
  "ohc_deposit_type_Non_Refund": 5883.570744037628,
  "ohc_deposit_type_Refundable": 10.376309871673584,
  "ohc_reserved_room_type_B": 0.0,
  "ohc_reserved_room_type_C": 3.872499942779541,
  "ohc_reserved_room_type_D": 6.846240043640137,
  "ohc_reserved_room_type_E": 18.781659603118896,
  "ohc_reserved_room_type_F": 0.0,
  "ohc_reserved_room_type_G": 0.0,
  "ohc_reserved_room_type_H": 0.0,
  "ohc_reserved_room_type_L": 0.0,
  "ohc_customer_type_Group": 0.0,
  "ohc_customer_type_Transient": 4056.897485733032,
  "ohc_customer_type_Transient-Party": 219.8946018218994,
  "ohc_meal_FB": 61.27574872970581,
  "ohc_meal_HB": 0.0,
  "ohc_meal_SC": 44.35108041763306,
  "ohc_meal_Undefined": 65.84829950332642,
  "ohc_weekend_or_weekday_Just_Weekday": 0.0,
  "ohc_weekend_or_weekday_Just_Weekend": 0.0,
  "ohc_market_segment_Corporate": 246.85978174209595,
  "ohc_market_segment_Direct": 20.15389060974121,
  "ohc_market_segment_Groups": 232.13999009132385,
  "ohc_market_segment_Offline_TA/TO": 3938.8174390792847,
  "ohc_market_segment_Online_TA": 6751.1374478777,
  "ohc_company_223.0": 206.07860016822815,
  "ohc_company_281.0": 0.0,
  "ohc_company_94.0": 5.079899787902832,
  "ohc_company_not_applicable": 18.347839832305908,
  "ohc_company_others": 83.71210956573486,
  "ohc_is_repeated_guest_1": 203.7074556350708,
  "ohc_agent_241.0": 1682.3065571784973,
  "ohc_agent_250.0": 31.932340145111084,
  "ohc_agent_40.0": 126.22409057617188,
  "ohc_agent_not_applicable": 35.28850173950195,
  "ohc_agent_others": 852.6147356033325
}