{
  "lead_time": {
    "count": 24094.0,
    "mean": 84.27367809413131,
    "std": 92.12285359153546,
    "min": 0.0,
    "25%": 8.0,
    "50%": 48.0,
    "75%": 140.0,
    "max": 542.0
  },
  "arrival_date_year": {
    "count": 24094.0,
    "mean": 2016.1475886112726,
    "std": 0.7197510285625701,
    "min": 2015.0,
    "25%": 2016.0,
    "50%": 2016.0,
    "75%": 2017.0,
    "max": 2017.0
  },
  "arrival_date_month": {
    "count": 24094.0,
    "mean": 6.543413297916493,
    "std": 3.131838566106134,
    "min": 1.0,
    "25%": 4.0,
    "50%": 7.0,
    "75%": 9.0,
    "max": 12.0
  },
  "arrival_date_week_number": {
    "count": 24094.0,
    "mean": 27.147090561965634,
    "std": 13.813371319302563,
    "min": 1.0,
    "25%": 16.0,
    "50%": 28.0,
    "75%": 37.0,
    "max": 53.0
  },
  "arrival_date_day_of_month": {
    "count": 24094.0,
    "mean": 15.927782850502199,
    "std": 8.902414967021318,
    "min": 1.0,
    "25%": 8.0,
    "50%": 16.0,
    "75%": 24.0,
    "max": 31.0
  },
  "stays_in_weekend_nights": {
    "count": 24094.0,
    "mean": 1.2231675935917656,
    "std": 1.1614211880615952,
    "min": 0.0,
    "25%": 0.0,
    "50%": 1.0,
    "75%": 2.0,
    "max": 18.0
  },
  "stays_in_week_nights": {
    "count": 24094.0,
    "mean": 3.203660662405578,
    "std": 2.4763659950555517,
    "min": 0.0,
    "25%": 1.0,
    "50%": 3.0,
    "75%": 5.0,
    "max": 42.0
  },
  "adults": {
    "count": 24094.0,
    "mean": 1.8707147007553748,
    "std": 0.6445811366877474,
    "min": 1.0,
    "25%": 2.0,
    "50%": 2.0,
    "75%": 2.0,
    "max": 50.0
  },
  "children": {
    "count": 24094.0,
    "mean": 0.14825267701502448,
    "std": 0.4762417305673354,
    "min": 0.0,
    "25%": 0.0,
    "50%": 0.0,
    "75%": 0.0,
    "max": 10.0
  },
  "babies": {
    "count": 24094.0,
    "mean": 0.016809164107246616,
    "std": 0.13079902026459375,
    "min": 0.0,
    "25%": 0.0,
    "50%": 0.0,
    "75%": 0.0,
    "max": 2.0
  },
  "is_repeated_guest": {
    "count": 24094.0,
    "mean": 0.056445588113223207,
    "std": 0.2307849524447712,
    "min": 0.0,
    "25%": 0.0,
    "50%": 0.0,
    "75%": 0.0,
    "max": 1.0
  },
  "previous_cancellations": {
    "count": 24094.0,
    "mean": 0.02224620237403503,
    "std": 0.38655420003850194,
    "min": 0.0,
    "25%": 0.0,
    "50%": 0.0,
    "75%": 0.0,
    "max": 26.0
  },
  "previous_bookings_not_canceled": {
    "count": 24094.0,
    "mean": 0.16659749315182204,
    "std": 1.0223354974566428,
    "min": 0.0,
    "25%": 0.0,
    "50%": 0.0,
    "75%": 0.0,
    "max": 28.0
  },
  "booking_changes": {
    "count": 24094.0,
    "mean": 0.30634182784095626,
    "std": 0.7513706113307684,
    "min": 0.0,
    "25%": 0.0,
    "50%": 0.0,
    "75%": 0.0,
    "max": 17.0
  },
  "days_in_waiting_list": {
    "count": 24094.0,
    "mean": 0.3527019174898315,
    "std": 6.154989631221466,
    "min": 0.0,
    "25%": 0.0,
    "50%": 0.0,
    "75%": 0.0,
    "max": 185.0
  },
  "adr": {
    "count": 24094.0,
    "mean": 100.03567485681081,
    "std": 63.40438573914456,
    "min": -6.38,
    "25%": 52.2,
    "50%": 80.0,
    "75%": 135.0,
    "max": 508.0
  },
  "required_car_parking_spaces": {
    "count": 24094.0,
    "mean": 0.1589192330040674,
    "std": 0.37124121723503606,
    "min": 0.0,
    "25%": 0.0,
    "50%": 0.0,
    "75%": 0.0,
    "max": 8.0
  },
  "total_of_special_requests": {
    "count": 24094.0,
    "mean": 0.6766414875072633,
    "std": 0.8299011334509945,
    "min": 0.0,
    "25%": 0.0,
    "50%": 0.0,
    "75%": 1.0,
    "max": 5.0
  },
  "number_holidays": {
    "count": 24094.0,
    "mean": 0.21071636091973106,
    "std": 0.4901043352137194,
    "min": 0.0,
    "25%": 0.0,
    "50%": 0.0,
    "75%": 0.0,
    "max": 4.0
  },
  "temp": {
    "count": 24094.0,
    "mean": 19.50550527464313,
    "std": 4.462552238644163,
    "min": 7.45,
    "25%": 16.2,
    "50%": 19.0,
    "75%": 23.03333333333333,
    "max": 29.15
  },
  "precip": {
    "count": 24094.0,
    "mean": 2.8954614481594083,
    "std": 5.018239889106896,
    "min": 0.0,
    "25%": 0.0,
    "50%": 0.875,
    "75%": 3.5086000000000004,
    "max": 58.23
  },
  "wind_speed": {
    "count": 24094.0,
    "mean": 20.607389718777856,
    "std": 5.360585400838498,
    "min": 8.0,
    "25%": 16.75,
    "50%": 20.380000000000003,
    "75%": 24.15,
    "max": 44.0
  },
  "cloud_cover": {
    "count": 24094.0,
    "mean": 56.50505809547448,
    "std": 18.72931115846961,
    "min": 0.0,
    "25%": 43.92,
    "50%": 56.85,
    "75%": 69.69999999999999,
    "max": 99.9
  },
  "visibility": {
    "count": 24094.0,
    "mean": 9.744719018503545,
    "std": 1.3087737638424803,
    "min": 1.5,
    "25%": 9.175,
    "50%": 10.03,
    "75%": 10.68,
    "max": 11.8
  },
  "is_canceled": {
    "count": 24094.0,
    "mean": 0.24068232755042748,
    "std": 0.42750664337105715,
    "min": 0.0,
    "25%": 0.0,
    "50%": 0.0,
    "75%": 0.0,
    "max": 1.0
  },
  "all_children": {
    "count": 24094.0,
    "mean": 0.1650618411222711,
    "std": 0.4955514995105069,
    "min": 0.0,
    "25%": 0.0,
    "50%": 0.0,
    "75%": 0.0,
    "max": 10.0
  },
  "adr_pp": {
    "count": 24094.0,
    "mean": 50.47276908497274,
    "std": 28.808915964780446,
    "min": -3.19,
    "25%": 30.0,
    "50%": 42.52833333333333,
    "75%": 64.75,
    "max": 270.0
  },
  "total_nights": {
    "count": 24094.0,
    "mean": 4.426828255997344,
    "std": 3.413690226413502,
    "min": 1.0,
    "25%": 2.0,
    "50%": 4.0,
    "75%": 7.0,
    "max": 60.0
  },
  "days_between_last_status": {
    "count": 24094.0,
    "mean": -13.583464763011538,
    "std": 48.501799010101365,
    "min": -411.0,
    "25%": 1.0,
    "50%": 2.0,
    "75%": 5.0,
    "max": 60.0
  }
}