{
  "lead_time": {
    "count": 23810.0,
    "mean": 0.22443683729065142,
    "std": 0.24262792154340068,
    "min": 0.0,
    "25%": 0.021917808219178082,
    "50%": 0.12876712328767123,
    "75%": 0.3726027397260274,
    "max": 1.0
  },
  "arrival_date_year": {
    "count": 23810.0,
    "mean": 0.574212515749685,
    "std": 0.3604500668465302,
    "min": 0.0,
    "25%": 0.5,
    "50%": 0.5,
    "75%": 1.0,
    "max": 1.0
  },
  "arrival_date_month": {
    "count": 23810.0,
    "mean": 0.5029704860448245,
    "std": 0.28420287704083563,
    "min": 0.0,
    "25%": 0.2727272727272727,
    "50%": 0.5454545454545454,
    "75%": 0.7272727272727273,
    "max": 0.9999999999999999
  },
  "arrival_date_week_number": {
    "count": 23810.0,
    "mean": 0.5019061157238394,
    "std": 0.2651387387619239,
    "min": 0.0,
    "25%": 0.2884615384615385,
    "50%": 0.5192307692307693,
    "75%": 0.6923076923076923,
    "max": 1.0000000000000002
  },
  "arrival_date_day_of_month": {
    "count": 23810.0,
    "mean": 0.4975892482150357,
    "std": 0.2965461900475862,
    "min": 0.0,
    "25%": 0.23333333333333334,
    "50%": 0.5,
    "75%": 0.7666666666666667,
    "max": 0.9999999999999999
  },
  "stays_in_weekend_nights": {
    "count": 23810.0,
    "mean": 0.2008469830603388,
    "std": 0.18281297690501652,
    "min": 0.0,
    "25%": 0.0,
    "50%": 0.16666666666666666,
    "75%": 0.3333333333333333,
    "max": 1.0
  },
  "stays_in_week_nights": {
    "count": 23810.0,
    "mean": 0.2098894022119558,
    "std": 0.1523381818635576,
    "min": 0.0,
    "25%": 0.06666666666666667,
    "50%": 0.2,
    "75%": 0.3333333333333333,
    "max": 1.0
  },
  "adults": {
    "count": 23810.0,
    "mean": 0.017781930075684203,
    "std": 0.013194172312974926,
    "min": 0.0,
    "25%": 0.02040816326530612,
    "50%": 0.02040816326530612,
    "75%": 0.02040816326530612,
    "max": 1.0
  },
  "children": {
    "count": 23810.0,
    "mean": 0.01497270054598908,
    "std": 0.04784939001842822,
    "min": 0.0,
    "25%": 0.0,
    "50%": 0.0,
    "75%": 0.0,
    "max": 1.0
  },
  "babies": {
    "count": 23810.0,
    "mean": 0.008462830743385132,
    "std": 0.06562753855541668,
    "min": 0.0,
    "25%": 0.0,
    "50%": 0.0,
    "75%": 0.0,
    "max": 1.0
  },
  "is_repeated_guest": {
    "count": 23810.0,
    "mean": 0.056740865182696346,
    "std": 0.23135165300192925,
    "min": 0.0,
    "25%": 0.0,
    "50%": 0.0,
    "75%": 0.0,
    "max": 1.0
  },
  "previous_cancellations": {
    "count": 23810.0,
    "mean": 0.0033599328013439733,
    "std": 0.0315178121065223,
    "min": 0.0,
    "25%": 0.0,
    "50%": 0.0,
    "75%": 0.0,
    "max": 1.0
  },
  "previous_bookings_not_canceled": {
    "count": 23810.0,
    "mean": 0.0059968800623987515,
    "std": 0.036699483038548725,
    "min": 0.0,
    "25%": 0.0,
    "50%": 0.0,
    "75%": 0.0,
    "max": 1.0
  },
  "booking_changes": {
    "count": 23810.0,
    "mean": 0.023199689852356802,
    "std": 0.05640428250980389,
    "min": 0.0,
    "25%": 0.0,
    "50%": 0.0,
    "75%": 0.0,
    "max": 1.0
  },
  "days_in_waiting_list": {
    "count": 23810.0,
    "mean": 0.0009209454365129565,
    "std": 0.024995641176062674,
    "min": 0.0,
    "25%": 0.0,
    "50%": 0.0,
    "75%": 0.0,
    "max": 1.0
  },
  "adr": {
    "count": 23810.0,
    "mean": 0.20762487573064356,
    "std": 0.12337653756721645,
    "min": 0.0,
    "25%": 0.11415198880205296,
    "50%": 0.1679303238850655,
    "75%": 0.2748551654418912,
    "max": 1.0
  },
  "required_car_parking_spaces": {
    "count": 23810.0,
    "mean": 0.053170936581268376,
    "std": 0.12281609613655618,
    "min": 0.0,
    "25%": 0.0,
    "50%": 0.0,
    "75%": 0.0,
    "max": 1.0
  },
  "total_of_special_requests": {
    "count": 23810.0,
    "mean": 0.1360016799664007,
    "std": 0.16612627808948122,
    "min": 0.0,
    "25%": 0.0,
    "50%": 0.0,
    "75%": 0.2,
    "max": 1.0
  },
  "number_holidays": {
    "count": 23810.0,
    "mean": 0.06995660086798264,
    "std": 0.1627571572233922,
    "min": 0.0,
    "25%": 0.0,
    "50%": 0.0,
    "75%": 0.0,
    "max": 1.0
  },
  "temp": {
    "count": 23810.0,
    "mean": 0.5550501185257204,
    "std": 0.2059844758852065,
    "min": 0.0,
    "25%": 0.4032258064516129,
    "50%": 0.532258064516129,
    "75%": 0.7176139272913469,
    "max": 1.0
  },
  "precip": {
    "count": 23810.0,
    "mean": 0.07346370922348276,
    "std": 0.12341753876415971,
    "min": 0.0,
    "25%": 0.0,
    "50%": 0.02234672849046883,
    "75%": 0.09015971148892322,
    "max": 1.0
  },
  "wind_speed": {
    "count": 23810.0,
    "mean": 0.34975086077462714,
    "std": 0.14915781212239845,
    "min": 0.0,
    "25%": 0.24259259259259258,
    "50%": 0.3434027777777777,
    "75%": 0.4476851851851851,
    "max": 0.9999999999999999
  },
  "cloud_cover": {
    "count": 23810.0,
    "mean": 0.5652615411881118,
    "std": 0.18800241762016576,
    "min": 0.0,
    "25%": 0.43810477143810483,
    "50%": 0.5689975689975689,
    "75%": 0.6976976976976976,
    "max": 1.0
  },
  "visibility": {
    "count": 23810.0,
    "mean": 0.800077473315742,
    "std": 0.12719604785459473,
    "min": 0.0,
    "25%": 0.7449249779346867,
    "50%": 0.8276699029126213,
    "75%": 0.8907766990291264,
    "max": 1.0000000000000002
  },
  "is_canceled": {
    "count": 23810.0,
    "mean": 0.24069718605627888,
    "std": 0.4275157621139511,
    "min": 0.0,
    "25%": 0.0,
    "50%": 0.0,
    "75%": 0.0,
    "max": 1.0
  },
  "all_children": {
    "count": 23810.0,
    "mean": 0.016665266694666107,
    "std": 0.04978310813163625,
    "min": 0.0,
    "25%": 0.0,
    "50%": 0.0,
    "75%": 0.0,
    "max": 1.0
  },
  "adr_pp": {
    "count": 23810.0,
    "mean": 0.19698192986614296,
    "std": 0.1054703355457828,
    "min": 0.0,
    "25%": 0.12149053772100003,
    "50%": 0.16861890991617556,
    "75%": 0.24960650097002088,
    "max": 1.0
  },
  "total_nights": {
    "count": 23810.0,
    "mean": 0.16767114657706847,
    "std": 0.15706543879354468,
    "min": 0.0,
    "25%": 0.05,
    "50%": 0.15000000000000002,
    "75%": 0.30000000000000004,
    "max": 1.0
  },
  "days_between_last_status": {
    "count": 23810.0,
    "mean": 0.9091995890952894,
    "std": 0.12576814422621782,
    "min": 0.0,
    "25%": 0.9472295514511874,
    "50%": 0.9498680738786279,
    "75%": 0.9577836411609498,
    "max": 1.0
  }
}