{
  "lead_time": 17463.98622170019,
  "arrival_date_week_number": 1440.772556066513,
  "stays_in_weekend_nights": 45.218977734446526,
  "stays_in_week_nights": 782.1906459927559,
  "adults": 612.4916387200356,
  "children": 1104.7906875610352,
  "babies": 0.0,
  "previous_cancellations": 5441.872508406639,
  "previous_bookings_not_canceled": 1572.2289584875107,
  "booking_changes": 3459.6773126297758,
  "days_in_waiting_list": 248.18010759353638,
  "adr": 5176.508929849493,
  "required_car_parking_spaces": 16572.725376605988,
  "total_of_special_requests": 3280.352278960878,
  "all_children": 42.556599736213684,
  "adr_pp": 2773.502519607544,
  "total_nights": 1106.1321507394314,
  "arrival_date_month": 32.775829672813416,
  "number_holidays": 103.04730093479156,
  "temp": 1034.0886961817741,
  "precip": 1002.0787374973298,
  "wind_speed": 1190.0794882774353,
  "visibility": 1228.7398461401463,
  "arrival_date_month_sin": 459.33811211586,
  "arrival_date_month_cos": 749.9395403862
}