{
  "lead_time": {
    "count": 23810.0,
    "mean": 81.91944561108778,
    "std": 88.55919136334126,
    "min": 0.0,
    "25%": 8.0,
    "50%": 47.0,
    "75%": 136.0,
    "max": 365.0
  },
  "arrival_date_year": {
    "count": 23810.0,
    "mean": 2016.1484250314993,
    "std": 0.7209001336930602,
    "min": 2015.0,
    "25%": 2016.0,
    "50%": 2016.0,
    "75%": 2017.0,
    "max": 2017.0
  },
  "arrival_date_month": {
    "count": 23810.0,
    "mean": 6.53267534649307,
    "std": 3.126231647449192,
    "min": 1.0,
    "25%": 4.0,
    "50%": 7.0,
    "75%": 9.0,
    "max": 12.0
  },
  "arrival_date_week_number": {
    "count": 23810.0,
    "mean": 27.099118017639647,
    "std": 13.787214415620042,
    "min": 1.0,
    "25%": 16.0,
    "50%": 28.0,
    "75%": 37.0,
    "max": 53.0
  },
  "arrival_date_day_of_month": {
    "count": 23810.0,
    "mean": 15.92767744645107,
    "std": 8.896385701427585,
    "min": 1.0,
    "25%": 8.0,
    "50%": 16.0,
    "75%": 24.0,
    "max": 31.0
  },
  "stays_in_weekend_nights": {
    "count": 23810.0,
    "mean": 1.2050818983620328,
    "std": 1.0968778614300994,
    "min": 0.0,
    "25%": 0.0,
    "50%": 1.0,
    "75%": 2.0,
    "max": 6.0
  },
  "stays_in_week_nights": {
    "count": 23810.0,
    "mean": 3.1483410331793364,
    "std": 2.2850727279533642,
    "min": 0.0,
    "25%": 1.0,
    "50%": 3.0,
    "75%": 5.0,
    "max": 15.0
  },
  "adults": {
    "count": 23810.0,
    "mean": 1.8713145737085257,
    "std": 0.6465144433357716,
    "min": 1.0,
    "25%": 2.0,
    "50%": 2.0,
    "75%": 2.0,
    "max": 50.0
  },
  "children": {
    "count": 23810.0,
    "mean": 0.1497270054598908,
    "std": 0.4784939001842823,
    "min": 0.0,
    "25%": 0.0,
    "50%": 0.0,
    "75%": 0.0,
    "max": 10.0
  },
  "babies": {
    "count": 23810.0,
    "mean": 0.016925661486770265,
    "std": 0.13125507711083337,
    "min": 0.0,
    "25%": 0.0,
    "50%": 0.0,
    "75%": 0.0,
    "max": 2.0
  },
  "is_repeated_guest": {
    "count": 23810.0,
    "mean": 0.056740865182696346,
    "std": 0.23135165300192925,
    "min": 0.0,
    "25%": 0.0,
    "50%": 0.0,
    "75%": 0.0,
    "max": 1.0
  },
  "previous_cancellations": {
    "count": 23810.0,
    "mean": 0.016799664006719867,
    "std": 0.1575890605326115,
    "min": 0.0,
    "25%": 0.0,
    "50%": 0.0,
    "75%": 0.0,
    "max": 5.0
  },
  "previous_bookings_not_canceled": {
    "count": 23810.0,
    "mean": 0.16791264174716505,
    "std": 1.0275855250793642,
    "min": 0.0,
    "25%": 0.0,
    "50%": 0.0,
    "75%": 0.0,
    "max": 28.0
  },
  "booking_changes": {
    "count": 23810.0,
    "mean": 0.3015959680806384,
    "std": 0.7332556726274505,
    "min": 0.0,
    "25%": 0.0,
    "50%": 0.0,
    "75%": 0.0,
    "max": 13.0
  },
  "days_in_waiting_list": {
    "count": 23810.0,
    "mean": 0.07643847123057539,
    "std": 2.074638217613202,
    "min": 0.0,
    "25%": 0.0,
    "50%": 0.0,
    "75%": 0.0,
    "max": 83.0
  },
  "adr": {
    "count": 23810.0,
    "mean": 100.41808357832845,
    "std": 63.4624233938248,
    "min": -6.38,
    "25%": 52.3375,
    "50%": 80.0,
    "75%": 135.0,
    "max": 508.0
  },
  "required_car_parking_spaces": {
    "count": 23810.0,
    "mean": 0.15951280974380513,
    "std": 0.36844828840966853,
    "min": 0.0,
    "25%": 0.0,
    "50%": 0.0,
    "75%": 0.0,
    "max": 3.0
  },
  "total_of_special_requests": {
    "count": 23810.0,
    "mean": 0.6800083998320033,
    "std": 0.8306313904474057,
    "min": 0.0,
    "25%": 0.0,
    "50%": 0.0,
    "75%": 1.0,
    "max": 5.0
  },
  "number_holidays": {
    "count": 23810.0,
    "mean": 0.2098698026039479,
    "std": 0.48827147167017654,
    "min": 0.0,
    "25%": 0.0,
    "50%": 0.0,
    "75%": 0.0,
    "max": 3.0
  },
  "temp": {
    "count": 23810.0,
    "mean": 19.494587572008133,
    "std": 4.46986312670898,
    "min": 7.45,
    "25%": 16.2,
    "50%": 19.0,
    "75%": 23.022222222222226,
    "max": 29.15
  },
  "precip": {
    "count": 23810.0,
    "mean": 2.8518611920556003,
    "std": 4.7910688548246805,
    "min": 0.0,
    "25%": 0.0,
    "50%": 0.8674999999999999,
    "75%": 3.5,
    "max": 38.82
  },
  "wind_speed": {
    "count": 23810.0,
    "mean": 20.59103098788658,
    "std": 5.369681236406345,
    "min": 8.0,
    "25%": 16.733333333333334,
    "50%": 20.3625,
    "75%": 24.116666666666664,
    "max": 44.0
  },
  "cloud_cover": {
    "count": 23810.0,
    "mean": 56.469627964692364,
    "std": 18.781441520254557,
    "min": 0.0,
    "25%": 43.76666666666667,
    "50%": 56.84285714285714,
    "75%": 69.69999999999999,
    "max": 99.9
  },
  "visibility": {
    "count": 23810.0,
    "mean": 9.740797975152143,
    "std": 1.3101192929023258,
    "min": 1.5,
    "25%": 9.172727272727274,
    "50%": 10.025,
    "75%": 10.675,
    "max": 11.8
  },
  "is_canceled": {
    "count": 23810.0,
    "mean": 0.24069718605627888,
    "std": 0.4275157621139511,
    "min": 0.0,
    "25%": 0.0,
    "50%": 0.0,
    "75%": 0.0,
    "max": 1.0
  },
  "all_children": {
    "count": 23810.0,
    "mean": 0.16665266694666106,
    "std": 0.49783108131636256,
    "min": 0.0,
    "25%": 0.0,
    "50%": 0.0,
    "75%": 0.0,
    "max": 10.0
  },
  "adr_pp": {
    "count": 23810.0,
    "mean": 50.6234934201316,
    "std": 28.81344096775241,
    "min": -3.19,
    "25%": 30.0,
    "50%": 42.875,
    "75%": 65.0,
    "max": 270.0
  },
  "total_nights": {
    "count": 23810.0,
    "mean": 4.3534229315413695,
    "std": 3.1413087758708933,
    "min": 1.0,
    "25%": 2.0,
    "50%": 4.0,
    "75%": 7.0,
    "max": 21.0
  },
  "days_between_last_status": {
    "count": 23810.0,
    "mean": -13.413355732885343,
    "std": 47.66612666173655,
    "min": -358.0,
    "25%": 1.0,
    "50%": 2.0,
    "75%": 5.0,
    "max": 21.0
  }
}